{"services.identity.infrastructure.grpc_handlers.identity_handler": 1780876617.0122743, "services.migration.application": 1780921687.7271469, "services.migration.infrastructure.repositories.migration_repository": 1780921881.7836256, "services.repository.application": 1780921172.4872632, "services.identity.domain": 1780876385.4888806, "services.repository.infrastructure.repositories": 1780921177.7663848, "services.repository.infrastructure": 1780921176.8033628, "services.repository.domain.errors": 1780921110.0158236, "services.identity.tests.test_service": 1780876419.2356672, "services.repository.infrastructure.grpc_handlers.repository_handler": 1780921531.1825347, "services.identity.infrastructure": 1780875888.9273074, "services.identity.infrastructure.grpc_handlers": 1780876241.8315322, "services.identity.infrastructure.repositories.session_store": 1780876183.8311803, "services.repository.wire": 1780921265.8694158, "services.identity.infrastructure.repositories.password_hasher": 1780876163.1446981, "services.migration.infrastructure.grpc_handlers": 1780921757.575759, "services.migration.infrastructure.repositories.identity_client": 1780921889.9178128, "services.migration.wire": 1780921797.8246882, "services.migration.domain.domain": 1780921881.7826257, "services.identity.application": 1780876155.8395278, "services.migration.infrastructure.grpc_handlers.migration_handler": 1780921881.7836256, "services.repository.infrastructure.repositories.identity_client": 1780921217.640304, "services.identity.__main__": 1780876385.4888806, "services.migration.ports.transaction": 1780921685.1220868, "services.repository.ports.repository": 1780921531.1815345, "services.repository.ports.transaction": 1780921131.821326, "services.identity.ports.transaction": 1780876127.307863, "services.migration.infrastructure": 1780921714.3507614, "services.repository.ports.git_client": 1780921129.4592717, "services.repository.ports.identity_client": 1780921124.4161553, "services.migration.infrastructure.repositories.repository_client": 1780921894.3219142, "services.repository.ports": 1780921132.774348, "services.migration.tests.test_service": 1780921915.156394, "services.migration.infrastructure.repositories.analysis_client": 1780921719.3078756, "services.identity.wire": 1780920709.82856, "services.identity.application.service": 1780876582.6374753, "services.migration.ports.identity_client": 1780921681.0809934, "services.migration": 1780921653.2983522, "services.repository.tests": 1780921275.6156406, "services.identity.infrastructure.repositories": 1780876163.1446981, "services.migration.ports.analysis_client": 1780921683.5230498, "services.repository.__main__": 1780921272.1805613, "services.identity.infrastructure.repositories.user_repository": 1780876385.4888806, "services.migration.domain.errors": 1780921673.3978162, "services.identity.ports": 1780876127.305863, "services.repository.tests.test_service": 1780921881.7846255, "services.migration.tests": 1780921806.57589, "services.repository.domain": 1780921531.1815345, "services.identity.ports.auth": 1780876127.3068628, "services.identity.tests": 1780875888.9273074, "services.identity.domain.errors": 1780876112.1545098, "services.migration.ports": 1780921676.3068833, "services.migration.domain": 1780921881.7826257, "services.migration.application.service": 1780921881.7836256, "services.migration.ports.migration": 1780921881.7826257, "services.migration.ports.repository_client": 1780921682.5400271, "services.repository": 1780921098.666562, "services.identity": 1780875888.9273074, "services.identity.ports.repository": 1780876385.4888806, "services.identity.infrastructure.repositories.token_manager": 1780876385.4888806, "services.identity.infrastructure.repositories.transaction_manager": 1780876189.9743235, "services.repository.infrastructure.repositories.git_client": 1780921211.9681733, "services.migration.infrastructure.repositories": 1780921714.898774, "services.repository.application.service": 1780921531.1815345, "services.identity.domain.domain": 1780876385.4888806, "services.repository.domain.domain": 1780921531.1815345, "services": 1780875888.9273074, "services.migration.__main__": 1780921803.7568252, "services.repository.infrastructure.repositories.repository_repository": 1780921537.6736844, "services.repository.infrastructure.grpc_handlers": 1780921221.505393}