{"shared.errors.mapper": 1780921870.2753606, "shared.errors.domain_error": 1780876513.2728593, "shared.mongo_client.transaction_manager": 1780920694.4482002, "shared.auth.extractor": 1780921091.5563982, "shared.interceptors": 1780875972.2612495, "shared.grpc_client_sdk.builder": 1780875939.3384821, "shared.config.loader": 1780875899.688558, "shared.tests.test_logger": 1780876076.3016741, "shared.config": 1780875904.275665, "shared.errors": 1780876531.0902746, "shared.mongo_client": 1780920698.1482868, "shared.tests.test_domain_error": 1780876547.0476465, "shared.interceptors.interceptors": 1780875931.9173093, "shared.mongo_client.client": 1780875913.4858797, "shared.auth": 1780921082.9912007, "shared.tests.test_transaction_manager": 1780920898.993962, "shared.tests": 1780875891.3503637, "shared.grpc_client_sdk": 1780875939.3374822, "shared.tests.test_config": 1780875972.2612495, "shared": 1780875888.9273074, "shared.logging": 1780876065.1534142}